index,German,IPA,English,Topic
0,die Beziehung,/diː betsiːhuŋ/,relationship,01 Personal Life and Relationships
1,die Partnerschaft,/diː partnerʃaft/,partnership,01 Personal Life and Relationships
2,die Freundschaft,/diː frɔʏndʃaft/,friendship,01 Personal Life and Relationships
3,der Bekannte,/der bekannte/,male acquaintance,01 Personal Life and Relationships
4,die Bekannte,/diː bekannte/,female acquaintance,01 Personal Life and Relationships
5,der Partner,/der partner/,partner,01 Personal Life and Relationships
6,die Partnerin,/diː partnerin/,partner,01 Personal Life and Relationships
7,der Verwandte,/der vervandte/,male relative,01 Personal Life and Relationships
8,die Verwandte,/diː vervandte/,female relative,01 Personal Life and Relationships
9,die Verwandtschaft,/diː vervandtʃaft/,relatives,01 Personal Life and Relationships
10,das Paar,/das paar/,couple,01 Personal Life and Relationships
11,die Generation,/diː generation/,generation,01 Personal Life and Relationships
12,der Erwachsene,/der ervaçsene/,adult,01 Personal Life and Relationships
13,die Kindheit,/diː kindhaɪt/,childhood,01 Personal Life and Relationships
14,die Jugend,/diː jugend/,youth,01 Personal Life and Relationships
15,der Kontakt,/der kontakt/,contact,01 Personal Life and Relationships
16,der Streit,/der straɪt/,argument,01 Personal Life and Relationships
17,der Konflikt,/der konflikt/,conflict,01 Personal Life and Relationships
18,das Vertrauen,/das vertraʊen/,trust,01 Personal Life and Relationships
19,die Unterstützung,/diː unterstyttsuŋ/,support,01 Personal Life and Relationships
20,die Gemeinsamkeit,/diː gemaɪnsamkaɪt/,similarity,01 Personal Life and Relationships
21,der Unterschied,/der unterʃiːd/,difference,01 Personal Life and Relationships
22,verheiratet,/verhaɪratet/,married,01 Personal Life and Relationships
23,ledig,/ledig/,single,01 Personal Life and Relationships
24,geschieden,/geʃiːden/,divorced,01 Personal Life and Relationships
25,getrennt,/getrennt/,separated,01 Personal Life and Relationships
26,persönlich,/persønliç/,personal,01 Personal Life and Relationships
27,gemeinsam,/gemaɪnsam/,together,01 Personal Life and Relationships
28,ähnlich,/ɛhnliç/,similar,01 Personal Life and Relationships
29,unterschiedlich,/unterʃiːdliç/,different,01 Personal Life and Relationships
30,vertraut,/vertraʊt/,familiar,01 Personal Life and Relationships
31,freundlich,/frɔʏndliç/,friendly,01 Personal Life and Relationships
32,ehrlich,/ehrliç/,honest,01 Personal Life and Relationships
33,höflich,/høfliç/,polite,01 Personal Life and Relationships
34,unhöflich,/unhøfliç/,impolite,01 Personal Life and Relationships
35,geduldig,/geduldig/,patient,01 Personal Life and Relationships
36,ungeduldig,/uŋeduldig/,impatient,01 Personal Life and Relationships
37,zuverlässig,/tsuverlɛssig/,reliable,01 Personal Life and Relationships
38,vertrauen,/vertraʊen/,to trust,01 Personal Life and Relationships
39,unterstützen,/unterstyttsen/,to support,01 Personal Life and Relationships
40,streiten,/straɪten/,to argue,01 Personal Life and Relationships
41,verzeihen,/vertsaɪhen/,to forgive,01 Personal Life and Relationships
42,heiraten,/haɪraten/,to marry,01 Personal Life and Relationships
43,kennenlernen,/kennenlernen/,to get to know,01 Personal Life and Relationships
44,vermissen,/vermissen/,to miss,01 Personal Life and Relationships
45,gratulieren,/gratuliːren/,to congratulate,01 Personal Life and Relationships
46,einladen,/aɪnladen/,to invite,01 Personal Life and Relationships
47,trösten,/trøsten/,to comfort,01 Personal Life and Relationships
48,der Alltag,/der alltag/,everyday life,02 Daily Routines and Responsibilities
49,die Gewohnheit,/diː gevohnhaɪt/,habit,02 Daily Routines and Responsibilities
50,der Tagesablauf,/der tagesablaʊf/,daily routine,02 Daily Routines and Responsibilities
51,der Zeitplan,/der tsaɪtplan/,schedule,02 Daily Routines and Responsibilities
52,die Pflicht,/diː pfliçt/,duty,02 Daily Routines and Responsibilities
53,die Verantwortung,/diː verantvortuŋ/,responsibility,02 Daily Routines and Responsibilities
54,die Aufgabe,/diː aʊfgabe/,task,02 Daily Routines and Responsibilities
55,der Wecker,/der vecker/,alarm clock,02 Daily Routines and Responsibilities
56,die Pause,/diː paʊse/,break,02 Daily Routines and Responsibilities
57,die Reihenfolge,/diː raɪhenfolge/,order,02 Daily Routines and Responsibilities
58,die Vorbereitung,/diː vorberaɪtuŋ/,preparation,02 Daily Routines and Responsibilities
59,die Planung,/diː planuŋ/,planning,02 Daily Routines and Responsibilities
60,regelmäßig,/regelmɛsig/,regularly,02 Daily Routines and Responsibilities
61,normalerweise,/normalervaɪse/,normally,02 Daily Routines and Responsibilities
62,gewöhnlich,/gevøhnliç/,usually,02 Daily Routines and Responsibilities
63,pünktlich,/pyŋktliç/,punctual,02 Daily Routines and Responsibilities
64,rechtzeitig,/reçttsaɪtig/,on time,02 Daily Routines and Responsibilities
65,beschäftigt,/beʃɛftigt/,busy,02 Daily Routines and Responsibilities
66,stressig,/stressig/,stressful,02 Daily Routines and Responsibilities
67,dringend,/driŋend/,urgent,02 Daily Routines and Responsibilities
68,praktisch,/praktiʃ/,practical,02 Daily Routines and Responsibilities
69,erledigen,/erledigen/,to complete,02 Daily Routines and Responsibilities
70,organisieren,/organisiːren/,to organize,02 Daily Routines and Responsibilities
71,planen,/planen/,to plan,02 Daily Routines and Responsibilities
72,vorbereiten,/vorberaɪten/,to prepare,02 Daily Routines and Responsibilities
73,aufräumen,/aʊfrɔʏmen/,to tidy up,02 Daily Routines and Responsibilities
74,putzen,/puttsen/,to clean,02 Daily Routines and Responsibilities
75,verschlafen,/verʃlafen/,to oversleep,02 Daily Routines and Responsibilities
76,beeilen,/beaɪlen/,to hurry,02 Daily Routines and Responsibilities
77,verspäten,/verspɛten/,to delay / be late,02 Daily Routines and Responsibilities
78,vergessen,/vergessen/,to forget,02 Daily Routines and Responsibilities
79,erinnern,/erinnern/,to remember,02 Daily Routines and Responsibilities
80,ausruhen,/aʊsruhen/,to rest,02 Daily Routines and Responsibilities
81,wecken,/vecken/,to wake someone,02 Daily Routines and Responsibilities
82,einschlafen,/aɪnʃlafen/,to fall asleep,02 Daily Routines and Responsibilities
83,aufstehen,/aʊfstehen/,to get up,02 Daily Routines and Responsibilities
84,frühstücken,/fryhstycken/,to have breakfast,02 Daily Routines and Responsibilities
85,duschen,/duʃen/,to shower,02 Daily Routines and Responsibilities
86,anziehen,/antsiːhen/,to get dressed,02 Daily Routines and Responsibilities
87,ausziehen,/aʊstsiːhen/,to get undressed,02 Daily Routines and Responsibilities
88,einkaufen,/aɪŋkaʊfen/,to shop,02 Daily Routines and Responsibilities
89,kochen,/koçen/,to cook,02 Daily Routines and Responsibilities
90,spülen,/spylen/,to wash dishes,02 Daily Routines and Responsibilities
91,waschen,/vaʃen/,to wash,02 Daily Routines and Responsibilities
92,bügeln,/bygeln/,to iron,02 Daily Routines and Responsibilities
93,staubsaugen,/staʊbsaʊgen/,to vacuum,02 Daily Routines and Responsibilities
94,wegwerfen,/vegverfen/,to throw away,02 Daily Routines and Responsibilities
95,erledigt,/erledigt/,completed,02 Daily Routines and Responsibilities
96,der Haushalt,/der haʊshalt/,household,03 Home and Household
97,die Miete,/diː miːte/,rent,03 Home and Household
98,der Vermieter,/der vermiːter/,landlord,03 Home and Household
99,die Vermieterin,/diː vermiːterin/,landlady,03 Home and Household
100,der Mieter,/der miːter/,tenant,03 Home and Household
101,die Mieterin,/diː miːterin/,tenant,03 Home and Household
102,die Nebenkosten,/diː nebeŋkosten/,utilities,03 Home and Household
103,der Mietvertrag,/der miːtvertrag/,rental contract,03 Home and Household
104,die Kaution,/diː kaʊtion/,deposit,03 Home and Household
105,die Heizung,/diː haɪtsuŋ/,heating,03 Home and Household
106,der Strom,/der strom/,electricity,03 Home and Household
107,der Wasserhahn,/der vasserhahn/,faucet,03 Home and Household
108,die Steckdose,/diː steckdose/,socket,03 Home and Household
109,die Waschmaschine,/diː vaʃmaʃine/,washing machine,03 Home and Household
110,der Kühlschrank,/der kyhlʃraŋk/,refrigerator,03 Home and Household
111,der Herd,/der herd/,stove,03 Home and Household
112,der Backofen,/der backofen/,oven,03 Home and Household
113,die Spülmaschine,/diː spylmaʃine/,dishwasher,03 Home and Household
114,der Staubsauger,/der staʊbsaʊger/,vacuum cleaner,03 Home and Household
115,der Aufzug,/der aʊftsug/,elevator,03 Home and Household
116,der Keller,/der keller/,basement,03 Home and Household
117,der Balkon,/der balkon/,balcony,03 Home and Household
118,die Treppe,/diː treppe/,stairs,03 Home and Household
119,die Möbel,/diː møbel/,furniture,03 Home and Household
120,das Regal,/das regal/,shelf,03 Home and Household
121,der Schrank,/der ʃraŋk/,cabinet,03 Home and Household
122,die Schublade,/diː ʃublade/,drawer,03 Home and Household
123,der Teppich,/der teppiç/,carpet,03 Home and Household
124,die Decke,/diː decke/,blanket / ceiling,03 Home and Household
125,das Kissen,/das kissen/,pillow,03 Home and Household
126,die Lampe,/diː lampe/,lamp,03 Home and Household
127,der Schlüssel,/der ʃlyssel/,key,03 Home and Household
128,die Reparatur,/diː reparatur/,repair,03 Home and Household
129,der Schaden,/der ʃaden/,damage,03 Home and Household
130,die Hausordnung,/diː haʊsordnuŋ/,house rules,03 Home and Household
131,die Wohnungssuche,/diː vohnuŋssuçe/,apartment search,03 Home and Household
132,einrichten,/aɪnriçten/,to furnish,03 Home and Household
133,reparieren,/repariːren/,to repair,03 Home and Household
134,renovieren,/renoviːren/,to renovate,03 Home and Household
135,mieten,/miːten/,to rent,03 Home and Household
136,vermieten,/vermiːten/,to rent out,03 Home and Household
137,umziehen,/umtsiːhen/,to move house,03 Home and Household
138,einziehen,/aɪntsiːhen/,to move in,03 Home and Household
139,ausziehen,/aʊstsiːhen/,to move out,03 Home and Household
140,abschließen,/abʃliːsen/,to lock,03 Home and Household
141,öffnen,/øffnen/,to open,03 Home and Household
142,schließen,/ʃliːsen/,to close,03 Home and Household
143,möbliert,/møbliːrt/,furnished,03 Home and Household
144,die Gegend,/diː gegend/,area,04 Neighborhood and City Life
145,die Nachbarschaft,/diː naçbarʃaft/,neighborhood,04 Neighborhood and City Life
146,der Stadtteil,/der stadttaɪl/,district,04 Neighborhood and City Life
147,die Innenstadt,/diː innenstadt/,city center,04 Neighborhood and City Life
148,der Vorort,/der vorort/,suburb,04 Neighborhood and City Life
149,der Stadtrand,/der stadtrand/,outskirts,04 Neighborhood and City Life
150,die Umgebung,/diː umgebuŋ/,surroundings,04 Neighborhood and City Life
151,der Marktplatz,/der marktplatts/,market square,04 Neighborhood and City Life
152,das Rathaus,/das rathaʊs/,town hall,04 Neighborhood and City Life
153,das Bürgeramt,/das byrgeramt/,citizens' office,04 Neighborhood and City Life
154,die Bibliothek,/diː bibliothek/,library,04 Neighborhood and City Life
155,die Kreuzung,/diː krɔʏtsuŋ/,intersection,04 Neighborhood and City Life
156,die Ampel,/diː ampel/,traffic light,04 Neighborhood and City Life
157,der Bürgersteig,/der byrgerstaɪg/,sidewalk,04 Neighborhood and City Life
158,die Fußgängerzone,/diː fusgɛŋertsone/,pedestrian zone,04 Neighborhood and City Life
159,der Platz,/der platts/,square,04 Neighborhood and City Life
160,die Ecke,/diː ecke/,corner,04 Neighborhood and City Life
161,die Entfernung,/diː entfernuŋ/,distance,04 Neighborhood and City Life
162,die Einrichtung,/diː aɪnriçtuŋ/,facility,04 Neighborhood and City Life
163,der Spielplatz,/der spiːlplatts/,playground,04 Neighborhood and City Life
164,der Park,/der park/,park,04 Neighborhood and City Life
165,das Schwimmbad,/das ʃvimmbad/,swimming pool,04 Neighborhood and City Life
166,die Post,/diː post/,post office,04 Neighborhood and City Life
167,die Bank,/diː baŋk/,bank,04 Neighborhood and City Life
168,die Bäckerei,/diː bɛckeraɪ/,bakery,04 Neighborhood and City Life
169,die Metzgerei,/diː mettsgeraɪ/,butcher shop,04 Neighborhood and City Life
170,der Kiosk,/der kiosk/,kiosk,04 Neighborhood and City Life
171,das Einkaufszentrum,/das aɪŋkaʊfstsentrum/,shopping center,04 Neighborhood and City Life
172,die Polizei,/diː politsaɪ/,police,04 Neighborhood and City Life
173,die Feuerwehr,/diː fɔʏervehr/,fire department,04 Neighborhood and City Life
174,zentral,/tsentral/,central,04 Neighborhood and City Life
175,ruhig,/ruhig/,quiet,04 Neighborhood and City Life
176,lebendig,/lebendig/,lively,04 Neighborhood and City Life
177,laut,/laʊt/,noisy,04 Neighborhood and City Life
178,sauber,/saʊber/,clean,04 Neighborhood and City Life
179,schmutzig,/ʃmuttsig/,dirty,04 Neighborhood and City Life
180,sicher,/siçer/,safe,04 Neighborhood and City Life
181,gefährlich,/gefɛhrliç/,dangerous,04 Neighborhood and City Life
182,erreichbar,/erraɪçbar/,accessible,04 Neighborhood and City Life
183,entfernt,/entfernt/,distant,04 Neighborhood and City Life
184,öffentlich,/øffentliç/,public,04 Neighborhood and City Life
185,privat,/privat/,private,04 Neighborhood and City Life
186,befinden,/befinden/,to be located,04 Neighborhood and City Life
187,überqueren,/yberqueren/,to cross,04 Neighborhood and City Life
188,abbiegen,/abbiːgen/,to turn,04 Neighborhood and City Life
189,parken,/parken/,to park,04 Neighborhood and City Life
190,erreichen,/erraɪçen/,to reach,04 Neighborhood and City Life
191,besuchen,/besuçen/,to visit,04 Neighborhood and City Life
192,die Zutat,/diː tsutat/,ingredient,05 Food and Cooking
193,das Rezept,/das retsept/,recipe,05 Food and Cooking
194,die Mahlzeit,/diː mahltsaɪt/,meal,05 Food and Cooking
195,die Portion,/diː portion/,portion,05 Food and Cooking
196,der Geschmack,/der geʃmack/,taste,05 Food and Cooking
197,das Gewürz,/das gevyrts/,spice,05 Food and Cooking
198,die Pfanne,/diː pfanne/,frying pan,05 Food and Cooking
199,der Topf,/der topf/,pot,05 Food and Cooking
200,der Backofen,/der backofen/,oven,05 Food and Cooking
201,die Schüssel,/diː ʃyssel/,bowl,05 Food and Cooking
202,der Teller,/der teller/,plate,05 Food and Cooking
203,die Tasse,/diː tasse/,cup,05 Food and Cooking
204,das Messer,/das messer/,knife,05 Food and Cooking
205,die Gabel,/diː gabel/,fork,05 Food and Cooking
206,der Löffel,/der løffel/,spoon,05 Food and Cooking
207,das Öl,/das øl/,oil,05 Food and Cooking
208,der Essig,/der essig/,vinegar,05 Food and Cooking
209,das Mehl,/das mehl/,flour,05 Food and Cooking
210,der Zucker,/der tsucker/,sugar,05 Food and Cooking
211,das Salz,/das salts/,salt,05 Food and Cooking
212,der Pfeffer,/der pfeffer/,pepper,05 Food and Cooking
213,die Soße,/diː sose/,sauce,05 Food and Cooking
214,die Suppe,/diː suppe/,soup,05 Food and Cooking
215,der Salat,/der salat/,salad,05 Food and Cooking
216,das Gericht,/das geriçt/,dish,05 Food and Cooking
217,die Speisekarte,/diː spaɪsekarte/,menu,05 Food and Cooking
218,vegetarisch,/vegetariʃ/,vegetarian,05 Food and Cooking
219,vegan,/vegan/,vegan,05 Food and Cooking
220,frisch,/friʃ/,fresh,05 Food and Cooking
221,scharf,/ʃarf/,spicy,05 Food and Cooking
222,salzig,/saltsig/,salty,05 Food and Cooking
223,süß,/sys/,sweet,05 Food and Cooking
224,sauer,/saʊer/,sour,05 Food and Cooking
225,bitter,/bitter/,bitter,05 Food and Cooking
226,zubereiten,/tsuberaɪten/,to prepare,05 Food and Cooking
227,schneiden,/ʃnaɪden/,to cut,05 Food and Cooking
228,braten,/braten/,to fry,05 Food and Cooking
229,backen,/backen/,to bake,05 Food and Cooking
230,mischen,/miʃen/,to mix,05 Food and Cooking
231,würzen,/vyrtsen/,to season,05 Food and Cooking
232,probieren,/probiːren/,to taste,05 Food and Cooking
233,servieren,/serviːren/,to serve,05 Food and Cooking
234,hinzufügen,/hintsufygen/,to add,05 Food and Cooking
235,rühren,/ryhren/,to stir,05 Food and Cooking
236,schälen,/ʃɛlen/,to peel,05 Food and Cooking
237,gießen,/giːsen/,to pour,05 Food and Cooking
238,grillen,/grillen/,to grill,05 Food and Cooking
239,abschmecken,/abʃmecken/,to season to taste,05 Food and Cooking
240,die Quittung,/diː quittuŋ/,receipt,06 Shopping and Services
241,die Rechnung,/diː reçnuŋ/,bill,06 Shopping and Services
242,die Kasse,/diː kasse/,checkout,06 Shopping and Services
243,das Angebot,/das aŋebot/,offer,06 Shopping and Services
244,der Rabatt,/der rabatt/,discount,06 Shopping and Services
245,die Garantie,/diː garantiː/,warranty,06 Shopping and Services
246,die Lieferung,/diː liːferuŋ/,delivery,06 Shopping and Services
247,die Bestellung,/diː bestelluŋ/,order,06 Shopping and Services
248,die Rückgabe,/diː ryckgabe/,return,06 Shopping and Services
249,der Umtausch,/der umtaʊʃ/,exchange,06 Shopping and Services
250,der Kundenservice,/der kundenservice/,customer service,06 Shopping and Services
251,die Auswahl,/diː aʊsvahl/,selection,06 Shopping and Services
252,die Ware,/diː vare/,goods,06 Shopping and Services
253,der Verkäufer,/der verkɔʏfer/,salesperson,06 Shopping and Services
254,die Verkäuferin,/diː verkɔʏferin/,salesperson,06 Shopping and Services
255,der Preisvergleich,/der praɪsverglaɪç/,price comparison,06 Shopping and Services
256,die Öffnungszeit,/diː øffnuŋstsaɪt/,opening time,06 Shopping and Services
257,die Filiale,/diː filiale/,branch,06 Shopping and Services
258,der Betrag,/der betrag/,amount,06 Shopping and Services
259,die Zahlung,/diː tsahluŋ/,payment,06 Shopping and Services
260,die Kreditkarte,/diː kreditkarte/,credit card,06 Shopping and Services
261,der Gutschein,/der gutʃaɪn/,voucher,06 Shopping and Services
262,das Bargeld,/das bargeld/,cash,06 Shopping and Services
263,der Kunde,/der kunde/,customer,06 Shopping and Services
264,die Kundin,/diː kundin/,customer,06 Shopping and Services
265,günstig,/gynstig/,inexpensive,06 Shopping and Services
266,teuer,/tɔʏer/,expensive,06 Shopping and Services
267,reduziert,/redutsiːrt/,reduced,06 Shopping and Services
268,ausverkauft,/aʊsverkaʊft/,sold out,06 Shopping and Services
269,verfügbar,/verfygbar/,available,06 Shopping and Services
270,umtauschen,/umtaʊʃen/,to exchange,06 Shopping and Services
271,zurückgeben,/tsuryckgeben/,to return,06 Shopping and Services
272,bestellen,/bestellen/,to order,06 Shopping and Services
273,liefern,/liːfern/,to deliver,06 Shopping and Services
274,bezahlen,/betsahlen/,to pay,06 Shopping and Services
275,sparen,/sparen/,to save,06 Shopping and Services
276,kosten,/kosten/,to cost,06 Shopping and Services
277,reklamieren,/reklamiːren/,to complain / make a claim,06 Shopping and Services
278,beschweren,/beʃveren/,to complain,06 Shopping and Services
279,beraten,/beraten/,to advise,06 Shopping and Services
280,auswählen,/aʊsvɛhlen/,to choose,06 Shopping and Services
281,vergleichen,/verglaɪçen/,to compare,06 Shopping and Services
282,abholen,/abholen/,to pick up,06 Shopping and Services
283,einpacken,/aɪnpacken/,to wrap / pack,06 Shopping and Services
284,stornieren,/storniːren/,to cancel,06 Shopping and Services
285,erstatten,/erstatten/,to refund,06 Shopping and Services
286,prüfen,/pryfen/,to check,06 Shopping and Services
287,unterschreiben,/unterʃraɪben/,to sign,06 Shopping and Services
288,die Größe,/diː grøse/,size,07 Clothes and Personal Appearance
289,das Muster,/das muster/,pattern,07 Clothes and Personal Appearance
290,der Stoff,/der stoff/,fabric,07 Clothes and Personal Appearance
291,die Umkleidekabine,/diː umklaɪdekabine/,changing room,07 Clothes and Personal Appearance
292,die Kleidung,/diː klaɪduŋ/,clothing,07 Clothes and Personal Appearance
293,die Frisur,/diː frisur/,hairstyle,07 Clothes and Personal Appearance
294,das Aussehen,/das aʊssehen/,appearance,07 Clothes and Personal Appearance
295,der Mantel,/der mantel/,coat,07 Clothes and Personal Appearance
296,der Anzug,/der antsug/,suit,07 Clothes and Personal Appearance
297,das Kleid,/das klaɪd/,dress,07 Clothes and Personal Appearance
298,die Bluse,/diː bluse/,blouse,07 Clothes and Personal Appearance
299,der Pullover,/der pullover/,sweater,07 Clothes and Personal Appearance
300,die Hose,/diː hose/,trousers,07 Clothes and Personal Appearance
301,die Jeans,/diː jeans/,jeans,07 Clothes and Personal Appearance
302,der Rock,/der rock/,skirt,07 Clothes and Personal Appearance
303,das Hemd,/das hemd/,shirt,07 Clothes and Personal Appearance
304,das T-Shirt,/das t-shirt/,T-shirt,07 Clothes and Personal Appearance
305,die Socke,/diː socke/,sock,07 Clothes and Personal Appearance
306,der Schuh,/der ʃuh/,shoe,07 Clothes and Personal Appearance
307,der Stiefel,/der stiːfel/,boot,07 Clothes and Personal Appearance
308,der Gürtel,/der gyrtel/,belt,07 Clothes and Personal Appearance
309,die Mütze,/diː myttse/,cap,07 Clothes and Personal Appearance
310,der Schal,/der ʃal/,scarf,07 Clothes and Personal Appearance
311,der Handschuh,/der handʃuh/,glove,07 Clothes and Personal Appearance
312,die Tasche,/diː taʃe/,bag,07 Clothes and Personal Appearance
313,die Brille,/diː brille/,glasses,07 Clothes and Personal Appearance
314,die Farbe,/diː farbe/,color,07 Clothes and Personal Appearance
315,eng,/eŋ/,tight,07 Clothes and Personal Appearance
316,weit,/vaɪt/,loose,07 Clothes and Personal Appearance
317,bequem,/bequem/,comfortable,07 Clothes and Personal Appearance
318,elegant,/elegant/,elegant,07 Clothes and Personal Appearance
319,modisch,/modiʃ/,fashionable,07 Clothes and Personal Appearance
320,gestreift,/gestraɪft/,striped,07 Clothes and Personal Appearance
321,kariert,/kariːrt/,checked,07 Clothes and Personal Appearance
322,gepunktet,/gepuŋktet/,dotted,07 Clothes and Personal Appearance
323,hell,/hell/,light-colored,07 Clothes and Personal Appearance
324,dunkel,/duŋkel/,dark-colored,07 Clothes and Personal Appearance
325,passen,/passen/,to fit,07 Clothes and Personal Appearance
326,anprobieren,/anprobiːren/,to try on,07 Clothes and Personal Appearance
327,tragen,/tragen/,to wear,07 Clothes and Personal Appearance
328,stehen,/stehen/,to suit,07 Clothes and Personal Appearance
329,aussehen,/aʊssehen/,to look,07 Clothes and Personal Appearance
330,wechseln,/veçseln/,to change,07 Clothes and Personal Appearance
331,anziehen,/antsiːhen/,to put on,07 Clothes and Personal Appearance
332,ausziehen,/aʊstsiːhen/,to take off,07 Clothes and Personal Appearance
333,bügeln,/bygeln/,to iron,07 Clothes and Personal Appearance
334,waschen,/vaʃen/,to wash,07 Clothes and Personal Appearance
335,trocknen,/trocknen/,to dry,07 Clothes and Personal Appearance
336,die Erkältung,/diː erkɛltuŋ/,cold,08 Health and Symptoms
337,der Husten,/der husten/,cough,08 Health and Symptoms
338,das Fieber,/das fiːber/,fever,08 Health and Symptoms
339,die Schmerzen,/diː ʃmertsen/,pain,08 Health and Symptoms
340,die Kopfschmerzen,/diː kopfʃmertsen/,headache,08 Health and Symptoms
341,die Halsschmerzen,/diː halsʃmertsen/,sore throat,08 Health and Symptoms
342,die Bauchschmerzen,/diː baʊçʃmertsen/,stomach ache,08 Health and Symptoms
343,die Verletzung,/diː verlettsuŋ/,injury,08 Health and Symptoms
344,die Allergie,/diː allergiː/,allergy,08 Health and Symptoms
345,der Ausschlag,/der aʊsʃlag/,rash,08 Health and Symptoms
346,die Wunde,/diː vunde/,wound,08 Health and Symptoms
347,die Schwellung,/diː ʃvelluŋ/,swelling,08 Health and Symptoms
348,die Gesundheit,/diː gesundhaɪt/,health,08 Health and Symptoms
349,die Besserung,/diː besseruŋ/,improvement,08 Health and Symptoms
350,die Ruhe,/diː ruhe/,rest,08 Health and Symptoms
351,die Temperatur,/diː temperatur/,temperature,08 Health and Symptoms
352,der Schwindel,/der ʃvindel/,dizziness,08 Health and Symptoms
353,die Übelkeit,/diː ybelkaɪt/,nausea,08 Health and Symptoms
354,der Durchfall,/der durçfall/,diarrhea,08 Health and Symptoms
355,die Verstopfung,/diː verstopfuŋ/,constipation,08 Health and Symptoms
356,die Grippe,/diː grippe/,flu,08 Health and Symptoms
357,die Infektion,/diː infektion/,infection,08 Health and Symptoms
358,die Beschwerde,/diː beʃverde/,symptom / complaint,08 Health and Symptoms
359,das Symptom,/das symptom/,symptom,08 Health and Symptoms
360,krank,/kraŋk/,ill,08 Health and Symptoms
361,gesund,/gesund/,healthy,08 Health and Symptoms
362,müde,/myde/,tired,08 Health and Symptoms
363,schwach,/ʃvaç/,weak,08 Health and Symptoms
364,schwindelig,/ʃvindelig/,dizzy,08 Health and Symptoms
365,übel,/ybel/,nauseous,08 Health and Symptoms
366,husten,/husten/,to cough,08 Health and Symptoms
367,niesen,/niːsen/,to sneeze,08 Health and Symptoms
368,verletzen,/verlettsen/,to injure,08 Health and Symptoms
369,erholen,/erholen/,to recover,08 Health and Symptoms
370,wehtun,/vehtun/,to hurt,08 Health and Symptoms
371,bluten,/bluten/,to bleed,08 Health and Symptoms
372,frieren,/friːren/,to feel cold,08 Health and Symptoms
373,schwitzen,/ʃvittsen/,to sweat,08 Health and Symptoms
374,atmen,/atmen/,to breathe,08 Health and Symptoms
375,schlafen,/ʃlafen/,to sleep,08 Health and Symptoms
376,ausruhen,/aʊsruhen/,to rest,08 Health and Symptoms
377,erkälten,/erkɛlten/,to catch a cold,08 Health and Symptoms
378,verbessern,/verbessern/,to improve,08 Health and Symptoms
379,verschlimmern,/verʃlimmern/,to worsen,08 Health and Symptoms
380,messen,/messen/,to measure,08 Health and Symptoms
381,untersuchen,/untersuçen/,to examine,08 Health and Symptoms
382,bewegen,/bevegen/,to move,08 Health and Symptoms
383,vermeiden,/vermaɪden/,to avoid,08 Health and Symptoms
384,die Untersuchung,/diː untersuçuŋ/,examination,09 Doctor Pharmacy and Healthcare
385,die Behandlung,/diː behandluŋ/,treatment,09 Doctor Pharmacy and Healthcare
386,das Rezept,/das retsept/,prescription,09 Doctor Pharmacy and Healthcare
387,das Medikament,/das medikament/,medication,09 Doctor Pharmacy and Healthcare
388,die Tablette,/diː tablette/,tablet,09 Doctor Pharmacy and Healthcare
389,die Salbe,/diː salbe/,ointment,09 Doctor Pharmacy and Healthcare
390,die Tropfen,/diː tropfen/,drops,09 Doctor Pharmacy and Healthcare
391,die Apotheke,/diː apotheke/,pharmacy,09 Doctor Pharmacy and Healthcare
392,die Krankenversicherung,/diː kraŋkenversiçeruŋ/,health insurance,09 Doctor Pharmacy and Healthcare
393,die Krankenkasse,/diː kraŋkeŋkasse/,health insurer,09 Doctor Pharmacy and Healthcare
394,die Überweisung,/diː ybervaɪsuŋ/,referral,09 Doctor Pharmacy and Healthcare
395,die Sprechstunde,/diː spreçstunde/,consultation hours,09 Doctor Pharmacy and Healthcare
396,der Termin,/der termin/,appointment,09 Doctor Pharmacy and Healthcare
397,die Praxis,/diː praxis/,medical practice,09 Doctor Pharmacy and Healthcare
398,der Notfall,/der notfall/,emergency,09 Doctor Pharmacy and Healthcare
399,der Patient,/der patiːnt/,patient,09 Doctor Pharmacy and Healthcare
400,die Patientin,/diː patiːntin/,patient,09 Doctor Pharmacy and Healthcare
401,die Dosis,/diː dosis/,dose,09 Doctor Pharmacy and Healthcare
402,die Nebenwirkung,/diː nebenvirkuŋ/,side effect,09 Doctor Pharmacy and Healthcare
403,die Versicherungskarte,/diː versiçeruŋskarte/,insurance card,09 Doctor Pharmacy and Healthcare
404,das Wartezimmer,/das vartetsimmer/,waiting room,09 Doctor Pharmacy and Healthcare
405,der Arztbesuch,/der artstbesuç/,doctor's visit,09 Doctor Pharmacy and Healthcare
406,der Zahnarzt,/der tsahnartst/,dentist,09 Doctor Pharmacy and Healthcare
407,die Zahnärztin,/diː tsahnɛrtstin/,dentist,09 Doctor Pharmacy and Healthcare
408,die Spritze,/diː sprittse/,injection,09 Doctor Pharmacy and Healthcare
409,der Verband,/der verband/,bandage,09 Doctor Pharmacy and Healthcare
410,das Pflaster,/das pflaster/,plaster,09 Doctor Pharmacy and Healthcare
411,verschreiben,/verʃraɪben/,to prescribe,09 Doctor Pharmacy and Healthcare
412,einnehmen,/aɪnnehmen/,to take medicine,09 Doctor Pharmacy and Healthcare
413,behandeln,/behandeln/,to treat,09 Doctor Pharmacy and Healthcare
414,untersuchen,/untersuçen/,to examine,09 Doctor Pharmacy and Healthcare
415,impfen,/impfen/,to vaccinate,09 Doctor Pharmacy and Healthcare
416,verbinden,/verbinden/,to bandage,09 Doctor Pharmacy and Healthcare
417,vereinbaren,/veraɪnbaren/,to arrange,09 Doctor Pharmacy and Healthcare
418,absagen,/absagen/,to cancel,09 Doctor Pharmacy and Healthcare
419,überweisen,/ybervaɪsen/,to refer,09 Doctor Pharmacy and Healthcare
420,warten,/varten/,to wait,09 Doctor Pharmacy and Healthcare
421,helfen,/helfen/,to help,09 Doctor Pharmacy and Healthcare
422,heilen,/haɪlen/,to heal,09 Doctor Pharmacy and Healthcare
423,operieren,/operiːren/,to operate,09 Doctor Pharmacy and Healthcare
424,beraten,/beraten/,to advise,09 Doctor Pharmacy and Healthcare
425,kontrollieren,/kontrolliːren/,to check,09 Doctor Pharmacy and Healthcare
426,versichern,/versiçern/,to insure,09 Doctor Pharmacy and Healthcare
427,zahlen,/tsahlen/,to pay,09 Doctor Pharmacy and Healthcare
428,abholen,/abholen/,to pick up,09 Doctor Pharmacy and Healthcare
429,dosieren,/dosiːren/,to dose,09 Doctor Pharmacy and Healthcare
430,schlucken,/ʃlucken/,to swallow,09 Doctor Pharmacy and Healthcare
431,anwenden,/anvenden/,to apply,09 Doctor Pharmacy and Healthcare
432,die Stelle,/diː stelle/,position,10 Work and Professions
433,die Bewerbung,/diː beverbuŋ/,application,10 Work and Professions
434,der Lebenslauf,/der lebenslaʊf/,CV,10 Work and Professions
435,das Vorstellungsgespräch,/das vorstelluŋsgesprɛç/,job interview,10 Work and Professions
436,der Arbeitgeber,/der arbaɪtgeber/,employer,10 Work and Professions
437,der Arbeitnehmer,/der arbaɪtnehmer/,employee,10 Work and Professions
438,das Gehalt,/das gehalt/,salary,10 Work and Professions
439,die Erfahrung,/diː erfahruŋ/,experience,10 Work and Professions
440,die Fähigkeit,/diː fɛhigkaɪt/,skill,10 Work and Professions
441,die Ausbildung,/diː aʊsbilduŋ/,training,10 Work and Professions
442,der Vertrag,/der vertrag/,contract,10 Work and Professions
443,die Arbeitszeit,/diː arbaɪtstsaɪt/,working hours,10 Work and Professions
444,die Vollzeit,/diː volltsaɪt/,full-time,10 Work and Professions
445,die Teilzeit,/diː taɪltsaɪt/,part-time,10 Work and Professions
446,die Voraussetzung,/diː voraʊssettsuŋ/,requirement,10 Work and Professions
447,die Karriere,/diː karriːre/,career,10 Work and Professions
448,die Tätigkeit,/diː tɛtigkaɪt/,activity / job,10 Work and Professions
449,die Qualifikation,/diː qualifikation/,qualification,10 Work and Professions
450,die Arbeitslosigkeit,/diː arbaɪtslosigkaɪt/,unemployment,10 Work and Professions
451,die Berufserfahrung,/diː berufserfahruŋ/,work experience,10 Work and Professions
452,die Arbeitsstelle,/diː arbaɪtsstelle/,job,10 Work and Professions
453,der Betrieb,/der betriːb/,company / business,10 Work and Professions
454,die Firma,/diː firma/,company,10 Work and Professions
455,die Branche,/diː brançe/,industry,10 Work and Professions
456,die Position,/diː position/,position,10 Work and Professions
457,beruflich,/berufliç/,professional,10 Work and Professions
458,selbstständig,/selbststɛndig/,self-employed,10 Work and Professions
459,arbeitslos,/arbaɪtslos/,unemployed,10 Work and Professions
460,beschäftigt,/beʃɛftigt/,employed / busy,10 Work and Professions
461,qualifiziert,/qualifitsiːrt/,qualified,10 Work and Professions
462,kündigen,/kyndigen/,to resign,10 Work and Professions
463,einstellen,/aɪnstellen/,to hire,10 Work and Professions
464,verdienen,/verdiːnen/,to earn,10 Work and Professions
465,bewerben,/beverben/,to apply,10 Work and Professions
466,arbeiten,/arbaɪten/,to work,10 Work and Professions
467,leiten,/laɪten/,to manage,10 Work and Professions
468,planen,/planen/,to plan,10 Work and Professions
469,organisieren,/organisiːren/,to organize,10 Work and Professions
470,beraten,/beraten/,to advise,10 Work and Professions
471,produzieren,/produtsiːren/,to produce,10 Work and Professions
472,verkaufen,/verkaʊfen/,to sell,10 Work and Professions
473,entwickeln,/entvickeln/,to develop,10 Work and Professions
474,unterschreiben,/unterʃraɪben/,to sign,10 Work and Professions
475,verhandeln,/verhandeln/,to negotiate,10 Work and Professions
476,wechseln,/veçseln/,to change,10 Work and Professions
477,suchen,/suçen/,to search,10 Work and Professions
478,finden,/finden/,to find,10 Work and Professions
479,gründen,/grynden/,to found,10 Work and Professions
480,die Besprechung,/diː bespreçuŋ/,meeting,11 Workplace Communication
481,die Abteilung,/diː abtaɪluŋ/,department,11 Workplace Communication
482,die Frist,/diː frist/,deadline,11 Workplace Communication
483,die Rückmeldung,/diː ryckmelduŋ/,feedback,11 Workplace Communication
484,der Arbeitsplatz,/der arbaɪtsplatts/,workplace,11 Workplace Communication
485,die Arbeitsgruppe,/diː arbaɪtsgruppe/,work group,11 Workplace Communication
486,die Zusammenarbeit,/diː tsusammenarbaɪt/,collaboration,11 Workplace Communication
487,die Nachricht,/diː naçriçt/,message,11 Workplace Communication
488,die Datei,/diː dataɪ/,file,11 Workplace Communication
489,der Anruf,/der anruf/,phone call,11 Workplace Communication
490,die E-Mail,/diː e-mail/,email,11 Workplace Communication
491,die Aufgabe,/diː aʊfgabe/,task,11 Workplace Communication
492,der Kollege,/der kollege/,colleague,11 Workplace Communication
493,die Kollegin,/diː kollegin/,colleague,11 Workplace Communication
494,der Chef,/der çef/,boss,11 Workplace Communication
495,die Chefin,/diː çefin/,boss,11 Workplace Communication
496,die Schicht,/diː ʃiçt/,shift,11 Workplace Communication
497,die Pause,/diː paʊse/,break,11 Workplace Communication
498,der Bericht,/der beriçt/,report,11 Workplace Communication
499,die Präsentation,/diː prɛsentation/,presentation,11 Workplace Communication
500,das Protokoll,/das protokoll/,minutes,11 Workplace Communication
501,die Anfrage,/diː anfrage/,inquiry,11 Workplace Communication
502,die Antwort,/diː antvort/,answer,11 Workplace Communication
503,die Information,/diː information/,information,11 Workplace Communication
504,zuständig,/tsustɛndig/,responsible,11 Workplace Communication
505,erledigt,/erledigt/,completed,11 Workplace Communication
506,dringend,/driŋend/,urgent,11 Workplace Communication
507,schriftlich,/ʃriftliç/,written,11 Workplace Communication
508,mündlich,/myndliç/,oral,11 Workplace Communication
509,intern,/intern/,internal,11 Workplace Communication
510,vereinbaren,/veraɪnbaren/,to arrange,11 Workplace Communication
511,verschieben,/verʃiːben/,to postpone,11 Workplace Communication
512,teilnehmen,/taɪlnehmen/,to participate,11 Workplace Communication
513,besprechen,/bespreçen/,to discuss,11 Workplace Communication
514,berichten,/beriçten/,to report,11 Workplace Communication
515,weiterleiten,/vaɪterlaɪten/,to forward,11 Workplace Communication
516,erklären,/erklɛren/,to explain,11 Workplace Communication
517,informieren,/informiːren/,to inform,11 Workplace Communication
518,antworten,/antvorten/,to answer,11 Workplace Communication
519,nachfragen,/naçfragen/,to ask again,11 Workplace Communication
520,anrufen,/anrufen/,to call,11 Workplace Communication
521,schicken,/ʃicken/,to send,11 Workplace Communication
522,empfangen,/empfaŋen/,to receive,11 Workplace Communication
523,bestätigen,/bestɛtigen/,to confirm,11 Workplace Communication
524,absagen,/absagen/,to cancel,11 Workplace Communication
525,erreichen,/erraɪçen/,to reach,11 Workplace Communication
526,erledigen,/erledigen/,to complete,11 Workplace Communication
527,mitteilen,/mittaɪlen/,to inform,11 Workplace Communication
528,die Prüfung,/diː pryfuŋ/,exam,12 Education and Learning
529,die Note,/diː note/,grade,12 Education and Learning
530,der Unterricht,/der unterriçt/,lesson,12 Education and Learning
531,die Hausaufgabe,/diː haʊsaʊfgabe/,homework,12 Education and Learning
532,die Aufgabe,/diː aʊfgabe/,exercise,12 Education and Learning
533,die Lösung,/diː løsuŋ/,solution,12 Education and Learning
534,die Kenntnisse,/diː kenntnisse/,knowledge,12 Education and Learning
535,der Kurs,/der kurs/,course,12 Education and Learning
536,die Anmeldung,/diː anmelduŋ/,registration,12 Education and Learning
537,das Fach,/das faç/,subject,12 Education and Learning
538,das Semester,/das semester/,semester,12 Education and Learning
539,die Weiterbildung,/diː vaɪterbilduŋ/,further training,12 Education and Learning
540,der Lernstoff,/der lernstoff/,study material,12 Education and Learning
541,das Zertifikat,/das tsertifikat/,certificate,12 Education and Learning
542,die Teilnahme,/diː taɪlnahme/,participation,12 Education and Learning
543,der Abschluss,/der abʃluss/,qualification / degree,12 Education and Learning
544,die Ausbildung,/diː aʊsbilduŋ/,training,12 Education and Learning
545,die Universität,/diː universitɛt/,university,12 Education and Learning
546,die Hochschule,/diː hoçʃule/,college / university,12 Education and Learning
547,die Vorlesung,/diː vorlesuŋ/,lecture,12 Education and Learning
548,das Seminar,/das seminar/,seminar,12 Education and Learning
549,die Bibliothek,/diː bibliothek/,library,12 Education and Learning
550,das Wörterbuch,/das vørterbuç/,dictionary,12 Education and Learning
551,die Grammatik,/diː grammatik/,grammar,12 Education and Learning
552,die Aussprache,/diː aʊsspraçe/,pronunciation,12 Education and Learning
553,die Erklärung,/diː erklɛruŋ/,explanation,12 Education and Learning
554,die Übung,/diː ybuŋ/,exercise,12 Education and Learning
555,bestehen,/bestehen/,to pass,12 Education and Learning
556,durchfallen,/durçfallen/,to fail,12 Education and Learning
557,wiederholen,/viːderholen/,to review / repeat,12 Education and Learning
558,üben,/yben/,to practice,12 Education and Learning
559,verbessern,/verbessern/,to improve,12 Education and Learning
560,vorbereiten,/vorberaɪten/,to prepare,12 Education and Learning
561,anmelden,/anmelden/,to register,12 Education and Learning
562,lernen,/lernen/,to learn,12 Education and Learning
563,studieren,/studiːren/,to study,12 Education and Learning
564,erklären,/erklɛren/,to explain,12 Education and Learning
565,verstehen,/verstehen/,to understand,12 Education and Learning
566,merken,/merken/,to remember,12 Education and Learning
567,korrigieren,/korrigiːren/,to correct,12 Education and Learning
568,übersetzen,/ybersettsen/,to translate,12 Education and Learning
569,buchstabieren,/buçstabiːren/,to spell,12 Education and Learning
570,notieren,/notiːren/,to note,12 Education and Learning
571,recherchieren,/reçerçiːren/,to research,12 Education and Learning
572,teilnehmen,/taɪlnehmen/,to participate,12 Education and Learning
573,abschließen,/abʃliːsen/,to complete / graduate,12 Education and Learning
574,bestehen,/bestehen/,to pass,12 Education and Learning
575,bewerten,/beverten/,to evaluate,12 Education and Learning
576,die Unterkunft,/diː unterkunft/,accommodation,13 Travel and Accommodation
577,die Reservierung,/diː reserviːruŋ/,reservation,13 Travel and Accommodation
578,die Buchung,/diː buçuŋ/,booking,13 Travel and Accommodation
579,die Rezeption,/diː retseption/,reception,13 Travel and Accommodation
580,das Einzelzimmer,/das aɪntseltsimmer/,single room,13 Travel and Accommodation
581,das Doppelzimmer,/das doppeltsimmer/,double room,13 Travel and Accommodation
582,die Übernachtung,/diː ybernaçtuŋ/,overnight stay,13 Travel and Accommodation
583,der Aufenthalt,/der aʊfenthalt/,stay,13 Travel and Accommodation
584,der Reisepass,/der raɪsepass/,passport,13 Travel and Accommodation
585,der Koffer,/der koffer/,suitcase,13 Travel and Accommodation
586,das Gepäck,/das gepɛck/,luggage,13 Travel and Accommodation
587,die Jugendherberge,/diː jugendherberge/,youth hostel,13 Travel and Accommodation
588,die Pension,/diː pension/,guesthouse,13 Travel and Accommodation
589,die Halbpension,/diː halbpension/,half board,13 Travel and Accommodation
590,die Bestätigung,/diː bestɛtiguŋ/,confirmation,13 Travel and Accommodation
591,die Anreise,/diː anraɪse/,journey there,13 Travel and Accommodation
592,die Abreise,/diː abraɪse/,departure,13 Travel and Accommodation
593,die Zimmernummer,/diː tsimmernummer/,room number,13 Travel and Accommodation
594,das Frühstücksbuffet,/das fryhstycksbuffet/,breakfast buffet,13 Travel and Accommodation
595,der Schlüssel,/der ʃlyssel/,key,13 Travel and Accommodation
596,die Klimaanlage,/diː klimaanlage/,air conditioning,13 Travel and Accommodation
597,der Aufzug,/der aʊftsug/,elevator,13 Travel and Accommodation
598,die Etage,/diː etage/,floor,13 Travel and Accommodation
599,der Gast,/der gast/,guest,13 Travel and Accommodation
600,die Rezeptionistin,/diː retseptionistin/,receptionist,13 Travel and Accommodation
601,inklusive,/iŋklusive/,included,13 Travel and Accommodation
602,frei,/fraɪ/,available / free,13 Travel and Accommodation
603,besetzt,/besettst/,occupied,13 Travel and Accommodation
604,buchen,/buçen/,to book,13 Travel and Accommodation
605,stornieren,/storniːren/,to cancel,13 Travel and Accommodation
606,reservieren,/reserviːren/,to reserve,13 Travel and Accommodation
607,einchecken,/aɪnçecken/,to check in,13 Travel and Accommodation
608,auschecken,/aʊʃecken/,to check out,13 Travel and Accommodation
609,ankommen,/aŋkommen/,to arrive,13 Travel and Accommodation
610,abreisen,/abraɪsen/,to depart,13 Travel and Accommodation
611,übernachten,/ybernaçten/,to stay overnight,13 Travel and Accommodation
612,packen,/packen/,to pack,13 Travel and Accommodation
613,auspacken,/aʊspacken/,to unpack,13 Travel and Accommodation
614,abholen,/abholen/,to pick up,13 Travel and Accommodation
615,bestätigen,/bestɛtigen/,to confirm,13 Travel and Accommodation
616,bezahlen,/betsahlen/,to pay,13 Travel and Accommodation
617,melden,/melden/,to report,13 Travel and Accommodation
618,reklamieren,/reklamiːren/,to complain,13 Travel and Accommodation
619,empfehlen,/empfehlen/,to recommend,13 Travel and Accommodation
620,reisen,/raɪsen/,to travel,13 Travel and Accommodation
621,besichtigen,/besiçtigen/,to visit / sightsee,13 Travel and Accommodation
622,mieten,/miːten/,to rent,13 Travel and Accommodation
623,verlängern,/verlɛŋern/,to extend,13 Travel and Accommodation
624,die Verbindung,/diː verbinduŋ/,connection,14 Transport and Directions
625,die Verspätung,/diː verspɛtuŋ/,delay,14 Transport and Directions
626,der Fahrplan,/der fahrplan/,timetable,14 Transport and Directions
627,die Haltestelle,/diː haltestelle/,stop,14 Transport and Directions
628,der Bahnsteig,/der bahnstaɪg/,platform,14 Transport and Directions
629,die Fahrkarte,/diː fahrkarte/,ticket,14 Transport and Directions
630,die Strecke,/diː strecke/,route,14 Transport and Directions
631,die Richtung,/diː riçtuŋ/,direction,14 Transport and Directions
632,die Abfahrt,/diː abfahrt/,departure,14 Transport and Directions
633,die Ankunft,/diː aŋkunft/,arrival,14 Transport and Directions
634,der Anschluss,/der anʃluss/,connection,14 Transport and Directions
635,die Monatskarte,/diː monatskarte/,monthly pass,14 Transport and Directions
636,der Stau,/der staʊ/,traffic jam,14 Transport and Directions
637,die Umleitung,/diː umlaɪtuŋ/,detour,14 Transport and Directions
638,die Ausfahrt,/diː aʊsfahrt/,exit,14 Transport and Directions
639,die Einbahnstraße,/diː aɪnbahnstrase/,one-way street,14 Transport and Directions
640,der Verkehr,/der verkehr/,traffic,14 Transport and Directions
641,die Fahrtrichtung,/diː fahrtriçtuŋ/,direction of travel,14 Transport and Directions
642,die Kreuzung,/diː krɔʏtsuŋ/,intersection,14 Transport and Directions
643,die Autobahn,/diː aʊtobahn/,motorway,14 Transport and Directions
644,die Tankstelle,/diː taŋkstelle/,gas station,14 Transport and Directions
645,der Parkplatz,/der parkplatts/,parking lot,14 Transport and Directions
646,die Fähre,/diː fɛhre/,ferry,14 Transport and Directions
647,das Verkehrsmittel,/das verkehrsmittel/,means of transport,14 Transport and Directions
648,umsteigen,/umstaɪgen/,to change trains,14 Transport and Directions
649,ausfallen,/aʊsfallen/,to be cancelled,14 Transport and Directions
650,abbiegen,/abbiːgen/,to turn,14 Transport and Directions
651,überqueren,/yberqueren/,to cross,14 Transport and Directions
652,aussteigen,/aʊsstaɪgen/,to get off,14 Transport and Directions
653,einsteigen,/aɪnstaɪgen/,to get on,14 Transport and Directions
654,verpassen,/verpassen/,to miss,14 Transport and Directions
655,fahren,/fahren/,to travel / drive,14 Transport and Directions
656,parken,/parken/,to park,14 Transport and Directions
657,tanken,/taŋken/,to refuel,14 Transport and Directions
658,bremsen,/bremsen/,to brake,14 Transport and Directions
659,starten,/starten/,to start,14 Transport and Directions
660,landen,/landen/,to land,14 Transport and Directions
661,abfahren,/abfahren/,to depart,14 Transport and Directions
662,ankommen,/aŋkommen/,to arrive,14 Transport and Directions
663,folgen,/folgen/,to follow,14 Transport and Directions
664,erreichen,/erraɪçen/,to reach,14 Transport and Directions
665,überholen,/yberholen/,to overtake,14 Transport and Directions
666,wenden,/venden/,to turn around,14 Transport and Directions
667,geradeaus,/geradeaʊs/,straight ahead,14 Transport and Directions
668,gegenüber,/gegenyber/,opposite,14 Transport and Directions
669,entlang,/entlaŋ/,along,14 Transport and Directions
670,vorbei,/vorbaɪ/,past,14 Transport and Directions
671,unterwegs,/untervegs/,on the way,14 Transport and Directions
672,die Sehenswürdigkeit,/diː sehensvyrdigkaɪt/,sight,15 Holidays and Tourism
673,die Führung,/diː fyhruŋ/,guided tour,15 Holidays and Tourism
674,der Ausflug,/der aʊsflug/,excursion,15 Holidays and Tourism
675,die Reise,/diː raɪse/,trip,15 Holidays and Tourism
676,der Urlaub,/der urlaʊb/,vacation,15 Holidays and Tourism
677,die Küste,/diː kyste/,coast,15 Holidays and Tourism
678,die Landschaft,/diː landʃaft/,landscape,15 Holidays and Tourism
679,die Insel,/diː insel/,island,15 Holidays and Tourism
680,das Gebirge,/das gebirge/,mountain range,15 Holidays and Tourism
681,die Aussicht,/diː aʊssiçt/,view,15 Holidays and Tourism
682,der Reiseführer,/der raɪsefyhrer/,travel guide,15 Holidays and Tourism
683,die Altstadt,/diː altstadt/,old town,15 Holidays and Tourism
684,das Denkmal,/das deŋkmal/,monument,15 Holidays and Tourism
685,die Eintrittskarte,/diː aɪntrittskarte/,admission ticket,15 Holidays and Tourism
686,die Öffnungszeit,/diː øffnuŋstsaɪt/,opening time,15 Holidays and Tourism
687,die Rundfahrt,/diː rundfahrt/,tour,15 Holidays and Tourism
688,die Touristeninformation,/diː touristeninformation/,tourist information,15 Holidays and Tourism
689,der Urlaubsort,/der urlaʊbsort/,holiday destination,15 Holidays and Tourism
690,die Reisezeit,/diː raɪsetsaɪt/,travel time,15 Holidays and Tourism
691,die Stadtrundfahrt,/diː stadtrundfahrt/,city tour,15 Holidays and Tourism
692,der Strand,/der strand/,beach,15 Holidays and Tourism
693,das Meer,/das meer/,sea,15 Holidays and Tourism
694,der Hafen,/der hafen/,harbor,15 Holidays and Tourism
695,das Museum,/das musɔʏm/,museum,15 Holidays and Tourism
696,die Burg,/diː burg/,castle,15 Holidays and Tourism
697,die Kirche,/diː kirçe/,church,15 Holidays and Tourism
698,die Ausstellung,/diː aʊsstelluŋ/,exhibition,15 Holidays and Tourism
699,sehenswert,/sehensvert/,worth seeing,15 Holidays and Tourism
700,touristisch,/touristiʃ/,touristy,15 Holidays and Tourism
701,historisch,/historiʃ/,historic,15 Holidays and Tourism
702,besichtigen,/besiçtigen/,to visit / sightsee,15 Holidays and Tourism
703,entdecken,/entdecken/,to discover,15 Holidays and Tourism
704,fotografieren,/fotografiːren/,to photograph,15 Holidays and Tourism
705,wandern,/vandern/,to hike,15 Holidays and Tourism
706,campen,/campen/,to camp,15 Holidays and Tourism
707,übernachten,/ybernaçten/,to stay overnight,15 Holidays and Tourism
708,buchen,/buçen/,to book,15 Holidays and Tourism
709,reservieren,/reserviːren/,to reserve,15 Holidays and Tourism
710,reisen,/raɪsen/,to travel,15 Holidays and Tourism
711,genießen,/geniːsen/,to enjoy,15 Holidays and Tourism
712,entspannen,/entspannen/,to relax,15 Holidays and Tourism
713,schwimmen,/ʃvimmen/,to swim,15 Holidays and Tourism
714,sonnen,/sonnen/,to sunbathe,15 Holidays and Tourism
715,erkunden,/erkunden/,to explore,15 Holidays and Tourism
716,besuchen,/besuçen/,to visit,15 Holidays and Tourism
717,empfehlen,/empfehlen/,to recommend,15 Holidays and Tourism
718,planen,/planen/,to plan,15 Holidays and Tourism
719,mitbringen,/mitbriŋen/,to bring along,15 Holidays and Tourism
720,die Temperatur,/diː temperatur/,temperature,16 Weather and Environment
721,der Grad,/der grad/,degree,16 Weather and Environment
722,die Vorhersage,/diː vorhersage/,forecast,16 Weather and Environment
723,das Gewitter,/das gevitter/,thunderstorm,16 Weather and Environment
724,der Sturm,/der sturm/,storm,16 Weather and Environment
725,der Nebel,/der nebel/,fog,16 Weather and Environment
726,die Wolke,/diː volke/,cloud,16 Weather and Environment
727,die Hitze,/diː hittse/,heat,16 Weather and Environment
728,die Kälte,/diː kɛlte/,cold,16 Weather and Environment
729,die Umwelt,/diː umvelt/,environment,16 Weather and Environment
730,der Abfall,/der abfall/,waste,16 Weather and Environment
731,der Müll,/der myll/,garbage,16 Weather and Environment
732,die Mülltrennung,/diː mylltrennuŋ/,waste separation,16 Weather and Environment
733,der Klimawandel,/der klimavandel/,climate change,16 Weather and Environment
734,der Umweltschutz,/der umveltʃutts/,environmental protection,16 Weather and Environment
735,die Verschmutzung,/diː verʃmuttsuŋ/,pollution,16 Weather and Environment
736,die Luft,/diː luft/,air,16 Weather and Environment
737,die Energie,/diː energiː/,energy,16 Weather and Environment
738,der Strom,/der strom/,electricity,16 Weather and Environment
739,das Klima,/das klima/,climate,16 Weather and Environment
740,die Natur,/diː natur/,nature,16 Weather and Environment
741,der Regen,/der regen/,rain,16 Weather and Environment
742,der Schnee,/der ʃnee/,snow,16 Weather and Environment
743,der Wind,/der vind/,wind,16 Weather and Environment
744,bewölkt,/bevølkt/,cloudy,16 Weather and Environment
745,windig,/vindig/,windy,16 Weather and Environment
746,feucht,/fɔʏçt/,humid,16 Weather and Environment
747,trocken,/trocken/,dry,16 Weather and Environment
748,sonnig,/sonnig/,sunny,16 Weather and Environment
749,regnerisch,/regneriʃ/,rainy,16 Weather and Environment
750,kühl,/kyhl/,cool,16 Weather and Environment
751,heiß,/haɪs/,hot,16 Weather and Environment
752,umweltfreundlich,/umveltfrɔʏndliç/,environmentally friendly,16 Weather and Environment
753,recyceln,/recyceln/,to recycle,16 Weather and Environment
754,trennen,/trennen/,to separate,16 Weather and Environment
755,sparen,/sparen/,to save,16 Weather and Environment
756,verschmutzen,/verʃmuttsen/,to pollute,16 Weather and Environment
757,schützen,/ʃyttsen/,to protect,16 Weather and Environment
758,regnen,/regnen/,to rain,16 Weather and Environment
759,schneien,/ʃnaɪen/,to snow,16 Weather and Environment
760,frieren,/friːren/,to freeze,16 Weather and Environment
761,steigen,/staɪgen/,to rise,16 Weather and Environment
762,sinken,/siŋken/,to fall / sink,16 Weather and Environment
763,wehen,/vehen/,to blow,16 Weather and Environment
764,verbrauchen,/verbraʊçen/,to consume,16 Weather and Environment
765,vermeiden,/vermaɪden/,to avoid,16 Weather and Environment
766,reduzieren,/redutsiːren/,to reduce,16 Weather and Environment
767,entsorgen,/entsorgen/,to dispose of,16 Weather and Environment
768,die Freizeit,/diː fraɪtsaɪt/,free time,17 Leisure and Hobbies
769,das Hobby,/das hobby/,hobby,17 Leisure and Hobbies
770,die Freizeitaktivität,/diː fraɪtsaɪtaktivitɛt/,leisure activity,17 Leisure and Hobbies
771,die Veranstaltung,/diː veranstaltuŋ/,event,17 Leisure and Hobbies
772,das Konzert,/das kontsert/,concert,17 Leisure and Hobbies
773,die Ausstellung,/diː aʊsstelluŋ/,exhibition,17 Leisure and Hobbies
774,der Verein,/der veraɪn/,club,17 Leisure and Hobbies
775,das Brettspiel,/das brettspiːl/,board game,17 Leisure and Hobbies
776,die Gruppe,/diː gruppe/,group,17 Leisure and Hobbies
777,das Interesse,/das interesse/,interest,17 Leisure and Hobbies
778,die Beschäftigung,/diː beʃɛftiguŋ/,activity,17 Leisure and Hobbies
779,die Verabredung,/diː verabreduŋ/,meet-up,17 Leisure and Hobbies
780,das Theater,/das theater/,theater,17 Leisure and Hobbies
781,das Kino,/das kino/,cinema,17 Leisure and Hobbies
782,die Musik,/diː musik/,music,17 Leisure and Hobbies
783,die Fotografie,/diː fotografiː/,photography,17 Leisure and Hobbies
784,die Zeichnung,/diː tsaɪçnuŋ/,drawing,17 Leisure and Hobbies
785,das Gemälde,/das gemɛlde/,painting,17 Leisure and Hobbies
786,die Wanderung,/diː vanderuŋ/,hike,17 Leisure and Hobbies
787,das Camping,/das campiŋ/,camping,17 Leisure and Hobbies
788,das Picknick,/das picknick/,picnic,17 Leisure and Hobbies
789,die Sammlung,/diː sammluŋ/,collection,17 Leisure and Hobbies
790,der Eintritt,/der aɪntritt/,admission,17 Leisure and Hobbies
791,die Karte,/diː karte/,ticket,17 Leisure and Hobbies
792,sammeln,/sammeln/,to collect,17 Leisure and Hobbies
793,zeichnen,/tsaɪçnen/,to draw,17 Leisure and Hobbies
794,malen,/malen/,to paint,17 Leisure and Hobbies
795,fotografieren,/fotografiːren/,to photograph,17 Leisure and Hobbies
796,wandern,/vandern/,to hike,17 Leisure and Hobbies
797,campen,/campen/,to camp,17 Leisure and Hobbies
798,grillen,/grillen/,to barbecue,17 Leisure and Hobbies
799,ausgehen,/aʊsgehen/,to go out,17 Leisure and Hobbies
800,mitmachen,/mitmaçen/,to join in,17 Leisure and Hobbies
801,teilnehmen,/taɪlnehmen/,to participate,17 Leisure and Hobbies
802,basteln,/basteln/,to do crafts,17 Leisure and Hobbies
803,tanzen,/tantsen/,to dance,17 Leisure and Hobbies
804,singen,/siŋen/,to sing,17 Leisure and Hobbies
805,lesen,/lesen/,to read,17 Leisure and Hobbies
806,spielen,/spiːlen/,to play,17 Leisure and Hobbies
807,besuchen,/besuçen/,to visit,17 Leisure and Hobbies
808,genießen,/geniːsen/,to enjoy,17 Leisure and Hobbies
809,entspannen,/entspannen/,to relax,17 Leisure and Hobbies
810,langweilen,/laŋvaɪlen/,to bore,17 Leisure and Hobbies
811,interessieren,/interessiːren/,to interest,17 Leisure and Hobbies
812,treffen,/treffen/,to meet,17 Leisure and Hobbies
813,feiern,/faɪern/,to celebrate,17 Leisure and Hobbies
814,planen,/planen/,to plan,17 Leisure and Hobbies
815,unternehmen,/unternehmen/,to do / undertake,17 Leisure and Hobbies
816,das Training,/das trainiŋ/,training,18 Sports and Fitness
817,die Mannschaft,/diː mannʃaft/,team,18 Sports and Fitness
818,der Wettbewerb,/der vettbeverb/,competition,18 Sports and Fitness
819,das Ergebnis,/das ergebnis/,result,18 Sports and Fitness
820,der Spieler,/der spiːler/,player,18 Sports and Fitness
821,die Spielerin,/diː spiːlerin/,player,18 Sports and Fitness
822,der Trainer,/der trainer/,coach,18 Sports and Fitness
823,die Übung,/diː ybuŋ/,exercise,18 Sports and Fitness
824,die Kondition,/diː kondition/,fitness,18 Sports and Fitness
825,das Fitnessstudio,/das fitnessstudio/,gym,18 Sports and Fitness
826,das Turnier,/das turniːr/,tournament,18 Sports and Fitness
827,der Gegner,/der gegner/,opponent,18 Sports and Fitness
828,das Spiel,/das spiːl/,match,18 Sports and Fitness
829,der Punkt,/der puŋkt/,point,18 Sports and Fitness
830,die Ausdauer,/diː aʊsdaʊer/,endurance,18 Sports and Fitness
831,die Bewegung,/diː beveguŋ/,movement,18 Sports and Fitness
832,die Sportart,/diː sportart/,sport,18 Sports and Fitness
833,die Mitgliedschaft,/diː mitgliːdʃaft/,membership,18 Sports and Fitness
834,die Leistung,/diː laɪstuŋ/,performance,18 Sports and Fitness
835,die Sporthalle,/diː sporthalle/,sports hall,18 Sports and Fitness
836,das Tor,/das tor/,goal,18 Sports and Fitness
837,der Sieg,/der siːg/,victory,18 Sports and Fitness
838,die Niederlage,/diː niːderlage/,defeat,18 Sports and Fitness
839,die Meisterschaft,/diː maɪsterʃaft/,championship,18 Sports and Fitness
840,fit,/fit/,fit,18 Sports and Fitness
841,sportlich,/sportliç/,athletic,18 Sports and Fitness
842,anstrengend,/anstreŋend/,strenuous,18 Sports and Fitness
843,trainieren,/trainiːren/,to train,18 Sports and Fitness
844,gewinnen,/gevinnen/,to win,18 Sports and Fitness
845,verlieren,/verliːren/,to lose,18 Sports and Fitness
846,aufwärmen,/aʊfvɛrmen/,to warm up,18 Sports and Fitness
847,bewegen,/bevegen/,to move,18 Sports and Fitness
848,anmelden,/anmelden/,to sign up,18 Sports and Fitness
849,rennen,/rennen/,to run,18 Sports and Fitness
850,springen,/spriŋen/,to jump,18 Sports and Fitness
851,werfen,/verfen/,to throw,18 Sports and Fitness
852,fangen,/faŋen/,to catch,18 Sports and Fitness
853,schießen,/ʃiːsen/,to shoot,18 Sports and Fitness
854,schwimmen,/ʃvimmen/,to swim,18 Sports and Fitness
855,klettern,/klettern/,to climb,18 Sports and Fitness
856,radfahren,/radfahren/,to cycle,18 Sports and Fitness
857,joggen,/joggen/,to jog,18 Sports and Fitness
858,dehnen,/dehnen/,to stretch,18 Sports and Fitness
859,spielen,/spiːlen/,to play,18 Sports and Fitness
860,teilnehmen,/taɪlnehmen/,to participate,18 Sports and Fitness
861,üben,/yben/,to practice,18 Sports and Fitness
862,kämpfen,/kɛmpfen/,to compete / fight,18 Sports and Fitness
863,erholen,/erholen/,to recover,18 Sports and Fitness
864,die Sendung,/diː senduŋ/,program,19 Media and Entertainment
865,die Nachrichten,/diː naçriçten/,news,19 Media and Entertainment
866,der Bericht,/der beriçt/,report,19 Media and Entertainment
867,die Serie,/diː seriː/,series,19 Media and Entertainment
868,die Folge,/diː folge/,episode,19 Media and Entertainment
869,der Schauspieler,/der ʃaʊspiːler/,actor,19 Media and Entertainment
870,die Schauspielerin,/diː ʃaʊspiːlerin/,actress,19 Media and Entertainment
871,die Handlung,/diː handluŋ/,plot,19 Media and Entertainment
872,die Zeitung,/diː tsaɪtuŋ/,newspaper,19 Media and Entertainment
873,die Zeitschrift,/diː tsaɪtʃrift/,magazine,19 Media and Entertainment
874,die Werbung,/diː verbuŋ/,advertisement,19 Media and Entertainment
875,der Sender,/der sender/,channel,19 Media and Entertainment
876,die Dokumentation,/diː dokumentation/,documentary,19 Media and Entertainment
877,die Meldung,/diː melduŋ/,news item,19 Media and Entertainment
878,die Überschrift,/diː yberʃrift/,headline,19 Media and Entertainment
879,das Interview,/das interviːv/,interview,19 Media and Entertainment
880,der Zuschauer,/der tsuʃaʊer/,viewer,19 Media and Entertainment
881,die Zuschauerin,/diː tsuʃaʊerin/,viewer,19 Media and Entertainment
882,der Artikel,/der artikel/,article,19 Media and Entertainment
883,die Rezension,/diː retsension/,review,19 Media and Entertainment
884,die Medien,/diː mediːn/,media,19 Media and Entertainment
885,das Programm,/das programm/,program,19 Media and Entertainment
886,der Film,/der film/,film,19 Media and Entertainment
887,die Komödie,/diː komødiː/,comedy,19 Media and Entertainment
888,der Krimi,/der krimi/,crime story,19 Media and Entertainment
889,die Musik,/diː musik/,music,19 Media and Entertainment
890,das Radio,/das radio/,radio,19 Media and Entertainment
891,spannend,/spannend/,exciting,19 Media and Entertainment
892,langweilig,/laŋvaɪlig/,boring,19 Media and Entertainment
893,unterhaltsam,/unterhaltsam/,entertaining,19 Media and Entertainment
894,informativ,/informativ/,informative,19 Media and Entertainment
895,bekannt,/bekannt/,well-known,19 Media and Entertainment
896,beliebt,/beliːbt/,popular,19 Media and Entertainment
897,empfehlen,/empfehlen/,to recommend,19 Media and Entertainment
898,anschauen,/anʃaʊen/,to watch,19 Media and Entertainment
899,veröffentlichen,/verøffentliçen/,to publish,19 Media and Entertainment
900,berichten,/beriçten/,to report,19 Media and Entertainment
901,lesen,/lesen/,to read,19 Media and Entertainment
902,hören,/høren/,to listen,19 Media and Entertainment
903,ansehen,/ansehen/,to watch,19 Media and Entertainment
904,aufnehmen,/aʊfnehmen/,to record,19 Media and Entertainment
905,senden,/senden/,to broadcast,19 Media and Entertainment
906,diskutieren,/diskutiːren/,to discuss,19 Media and Entertainment
907,kritisieren,/kritisiːren/,to criticize,19 Media and Entertainment
908,bewerten,/beverten/,to rate,19 Media and Entertainment
909,erscheinen,/erʃaɪnen/,to appear / be published,19 Media and Entertainment
910,abonnieren,/abonniːren/,to subscribe,19 Media and Entertainment
911,unterhalten,/unterhalten/,to entertain,19 Media and Entertainment
912,die Datei,/diː dataɪ/,file,20 Technology and Internet
913,der Bildschirm,/der bildʃirm/,screen,20 Technology and Internet
914,die Tastatur,/diː tastatur/,keyboard,20 Technology and Internet
915,das Passwort,/das passvort/,password,20 Technology and Internet
916,der Benutzername,/der benuttsername/,username,20 Technology and Internet
917,die Webseite,/diː vebsaɪte/,website,20 Technology and Internet
918,das Netzwerk,/das nettsverk/,network,20 Technology and Internet
919,die Verbindung,/diː verbinduŋ/,connection,20 Technology and Internet
920,die App,/diː app/,app,20 Technology and Internet
921,das Gerät,/das gerɛt/,device,20 Technology and Internet
922,der Drucker,/der drucker/,printer,20 Technology and Internet
923,die Einstellung,/diː aɪnstelluŋ/,setting,20 Technology and Internet
924,der Anhang,/der anhaŋ/,attachment,20 Technology and Internet
925,die Suchmaschine,/diː suçmaʃine/,search engine,20 Technology and Internet
926,der Link,/der liŋk/,link,20 Technology and Internet
927,das Update,/das update/,update,20 Technology and Internet
928,der Browser,/der brovser/,browser,20 Technology and Internet
929,das Konto,/das konto/,account,20 Technology and Internet
930,die E-Mail,/diː e-mail/,email,20 Technology and Internet
931,der Speicher,/der spaɪçer/,storage,20 Technology and Internet
932,die Software,/diː softvare/,software,20 Technology and Internet
933,die Hardware,/diː hardvare/,hardware,20 Technology and Internet
934,das WLAN,/das vlan/,Wi-Fi,20 Technology and Internet
935,der Akku,/der akku/,battery,20 Technology and Internet
936,online,/online/,online,20 Technology and Internet
937,digital,/digital/,digital,20 Technology and Internet
938,automatisch,/aʊtomatiʃ/,automatic,20 Technology and Internet
939,herunterladen,/herunterladen/,to download,20 Technology and Internet
940,hochladen,/hoçladen/,to upload,20 Technology and Internet
941,speichern,/spaɪçern/,to save,20 Technology and Internet
942,löschen,/løʃen/,to delete,20 Technology and Internet
943,installieren,/installiːren/,to install,20 Technology and Internet
944,anklicken,/aŋklicken/,to click,20 Technology and Internet
945,senden,/senden/,to send,20 Technology and Internet
946,empfangen,/empfaŋen/,to receive,20 Technology and Internet
947,einloggen,/aɪnloggen/,to log in,20 Technology and Internet
948,ausloggen,/aʊsloggen/,to log out,20 Technology and Internet
949,drucken,/drucken/,to print,20 Technology and Internet
950,scannen,/scannen/,to scan,20 Technology and Internet
951,verbinden,/verbinden/,to connect,20 Technology and Internet
952,trennen,/trennen/,to disconnect,20 Technology and Internet
953,aktualisieren,/aktualisiːren/,to update,20 Technology and Internet
954,öffnen,/øffnen/,to open,20 Technology and Internet
955,schließen,/ʃliːsen/,to close,20 Technology and Internet
956,kopieren,/kopiːren/,to copy,20 Technology and Internet
957,einfügen,/aɪnfygen/,to paste,20 Technology and Internet
958,suchen,/suçen/,to search,20 Technology and Internet
959,funktionieren,/fuŋktioniːren/,to work,20 Technology and Internet
960,das Gespräch,/das gesprɛç/,conversation,21 Communication and Social Interaction
961,die Meinung,/diː maɪnuŋ/,opinion,21 Communication and Social Interaction
962,das Missverständnis,/das missverstɛndnis/,misunderstanding,21 Communication and Social Interaction
963,die Begrüßung,/diː begrysuŋ/,greeting,21 Communication and Social Interaction
964,die Bitte,/diː bitte/,request,21 Communication and Social Interaction
965,die Antwort,/diː antvort/,answer,21 Communication and Social Interaction
966,die Reaktion,/diː reaktion/,reaction,21 Communication and Social Interaction
967,die Diskussion,/diː diskussion/,discussion,21 Communication and Social Interaction
968,die Unterhaltung,/diː unterhaltuŋ/,conversation,21 Communication and Social Interaction
969,die Erklärung,/diː erklɛruŋ/,explanation,21 Communication and Social Interaction
970,der Gruß,/der grus/,greeting,21 Communication and Social Interaction
971,die Einladung,/diː aɪnladuŋ/,invitation,21 Communication and Social Interaction
972,die Absage,/diː absage/,cancellation,21 Communication and Social Interaction
973,die Zustimmung,/diː tsustimmuŋ/,agreement,21 Communication and Social Interaction
974,der Widerspruch,/der viderspruç/,objection,21 Communication and Social Interaction
975,die Frage,/diː frage/,question,21 Communication and Social Interaction
976,die Information,/diː information/,information,21 Communication and Social Interaction
977,die Nachricht,/diː naçriçt/,message,21 Communication and Social Interaction
978,höflich,/høfliç/,polite,21 Communication and Social Interaction
979,unhöflich,/unhøfliç/,impolite,21 Communication and Social Interaction
980,direkt,/direkt/,direct,21 Communication and Social Interaction
981,freundlich,/frɔʏndliç/,friendly,21 Communication and Social Interaction
982,deutlich,/dɔʏtliç/,clear,21 Communication and Social Interaction
983,schriftlich,/ʃriftliç/,written,21 Communication and Social Interaction
984,mündlich,/myndliç/,oral,21 Communication and Social Interaction
985,zustimmen,/tsustimmen/,to agree,21 Communication and Social Interaction
986,widersprechen,/viderspreçen/,to disagree,21 Communication and Social Interaction
987,erzählen,/ertsɛhlen/,to tell,21 Communication and Social Interaction
988,erwähnen,/ervɛhnen/,to mention,21 Communication and Social Interaction
989,beschreiben,/beʃraɪben/,to describe,21 Communication and Social Interaction
990,erklären,/erklɛren/,to explain,21 Communication and Social Interaction
991,nachfragen,/naçfragen/,to ask again,21 Communication and Social Interaction
992,antworten,/antvorten/,to answer,21 Communication and Social Interaction
993,einladen,/aɪnladen/,to invite,21 Communication and Social Interaction
994,absagen,/absagen/,to cancel,21 Communication and Social Interaction
995,bedanken,/bedaŋken/,to thank,21 Communication and Social Interaction
996,gratulieren,/gratuliːren/,to congratulate,21 Communication and Social Interaction
997,vorstellen,/vorstellen/,to introduce,21 Communication and Social Interaction
998,melden,/melden/,to get in touch,21 Communication and Social Interaction
999,begrüßen,/begrysen/,to greet,21 Communication and Social Interaction
1000,verabschieden,/verabʃiːden/,to say goodbye,21 Communication and Social Interaction
1001,bitten,/bitten/,to ask / request,21 Communication and Social Interaction
1002,informieren,/informiːren/,to inform,21 Communication and Social Interaction
1003,mitteilen,/mittaɪlen/,to inform,21 Communication and Social Interaction
1004,diskutieren,/diskutiːren/,to discuss,21 Communication and Social Interaction
1005,überzeugen,/ybertsɔʏgen/,to convince,21 Communication and Social Interaction
1006,unterbrechen,/unterbreçen/,to interrupt,21 Communication and Social Interaction
1007,zuhören,/tsuhøren/,to listen,21 Communication and Social Interaction
1008,der Kalender,/der kalender/,calendar,22 Plans Appointments and Events
1009,die Einladung,/diː aɪnladuŋ/,invitation,22 Plans Appointments and Events
1010,die Feier,/diː faɪer/,celebration,22 Plans Appointments and Events
1011,die Hochzeit,/diː hoçtsaɪt/,wedding,22 Plans Appointments and Events
1012,der Geburtstag,/der geburtstag/,birthday,22 Plans Appointments and Events
1013,der Plan,/der plan/,plan,22 Plans Appointments and Events
1014,die Verabredung,/diː verabreduŋ/,appointment / date,22 Plans Appointments and Events
1015,die Zusage,/diː tsusage/,acceptance,22 Plans Appointments and Events
1016,die Absage,/diː absage/,cancellation,22 Plans Appointments and Events
1017,der Zeitpunkt,/der tsaɪtpuŋkt/,time,22 Plans Appointments and Events
1018,die Änderung,/diː ɛnderuŋ/,change,22 Plans Appointments and Events
1019,die Planung,/diː planuŋ/,planning,22 Plans Appointments and Events
1020,die Vorbereitung,/diː vorberaɪtuŋ/,preparation,22 Plans Appointments and Events
1021,die Veranstaltung,/diː veranstaltuŋ/,event,22 Plans Appointments and Events
1022,der Termin,/der termin/,appointment,22 Plans Appointments and Events
1023,das Treffen,/das treffen/,meeting,22 Plans Appointments and Events
1024,die Reservierung,/diː reserviːruŋ/,reservation,22 Plans Appointments and Events
1025,die Bestätigung,/diː bestɛtiguŋ/,confirmation,22 Plans Appointments and Events
1026,die Gelegenheit,/diː gelegenhaɪt/,opportunity,22 Plans Appointments and Events
1027,die Zukunft,/diː tsukunft/,future,22 Plans Appointments and Events
1028,die Möglichkeit,/diː møgliçkaɪt/,possibility,22 Plans Appointments and Events
1029,zukünftig,/tsukynftig/,in the future,22 Plans Appointments and Events
1030,demnächst,/demnɛçst/,soon,22 Plans Appointments and Events
1031,rechtzeitig,/reçttsaɪtig/,on time,22 Plans Appointments and Events
1032,verfügbar,/verfygbar/,available,22 Plans Appointments and Events
1033,geplant,/geplant/,planned,22 Plans Appointments and Events
1034,spontan,/spontan/,spontaneous,22 Plans Appointments and Events
1035,vereinbaren,/veraɪnbaren/,to arrange,22 Plans Appointments and Events
1036,verschieben,/verʃiːben/,to postpone,22 Plans Appointments and Events
1037,absagen,/absagen/,to cancel,22 Plans Appointments and Events
1038,bestätigen,/bestɛtigen/,to confirm,22 Plans Appointments and Events
1039,planen,/planen/,to plan,22 Plans Appointments and Events
1040,vorbereiten,/vorberaɪten/,to prepare,22 Plans Appointments and Events
1041,organisieren,/organisiːren/,to organize,22 Plans Appointments and Events
1042,reservieren,/reserviːren/,to reserve,22 Plans Appointments and Events
1043,einladen,/aɪnladen/,to invite,22 Plans Appointments and Events
1044,teilnehmen,/taɪlnehmen/,to participate,22 Plans Appointments and Events
1045,stattfinden,/stattfinden/,to take place,22 Plans Appointments and Events
1046,beginnen,/beginnen/,to begin,22 Plans Appointments and Events
1047,enden,/enden/,to end,22 Plans Appointments and Events
1048,feiern,/faɪern/,to celebrate,22 Plans Appointments and Events
1049,treffen,/treffen/,to meet,22 Plans Appointments and Events
1050,entscheiden,/entʃaɪden/,to decide,22 Plans Appointments and Events
1051,ändern,/ɛndern/,to change,22 Plans Appointments and Events
1052,erinnern,/erinnern/,to remind / remember,22 Plans Appointments and Events
1053,zusagen,/tsusagen/,to accept,22 Plans Appointments and Events
1054,anmelden,/anmelden/,to register,22 Plans Appointments and Events
1055,ankündigen,/aŋkyndigen/,to announce,22 Plans Appointments and Events
1056,die Erfahrung,/diː erfahruŋ/,experience,23 Experiences and Past Events
1057,das Erlebnis,/das erlebnis/,experience,23 Experiences and Past Events
1058,die Erinnerung,/diː erinneruŋ/,memory,23 Experiences and Past Events
1059,die Vergangenheit,/diː vergaŋenhaɪt/,past,23 Experiences and Past Events
1060,die Situation,/diː situation/,situation,23 Experiences and Past Events
1061,der Moment,/der moment/,moment,23 Experiences and Past Events
1062,die Veränderung,/diː verɛnderuŋ/,change,23 Experiences and Past Events
1063,das Ereignis,/das eraɪgnis/,event,23 Experiences and Past Events
1064,der Anfang,/der anfaŋ/,beginning,23 Experiences and Past Events
1065,das Ende,/das ende/,end,23 Experiences and Past Events
1066,die Geschichte,/diː geʃiçte/,story,23 Experiences and Past Events
1067,der Unfall,/der unfall/,accident,23 Experiences and Past Events
1068,die Überraschung,/diː yberraʃuŋ/,surprise,23 Experiences and Past Events
1069,der Erfolg,/der erfolg/,success,23 Experiences and Past Events
1070,der Fehler,/der fehler/,mistake,23 Experiences and Past Events
1071,das Abenteuer,/das abentɔʏer/,adventure,23 Experiences and Past Events
1072,die Reise,/diː raɪse/,journey,23 Experiences and Past Events
1073,der Besuch,/der besuç/,visit,23 Experiences and Past Events
1074,damals,/damals/,back then,23 Experiences and Past Events
1075,früher,/fryher/,formerly,23 Experiences and Past Events
1076,plötzlich,/pløttsliç/,suddenly,23 Experiences and Past Events
1077,zuerst,/tsuerst/,first,23 Experiences and Past Events
1078,danach,/danaç/,afterwards,23 Experiences and Past Events
1079,schließlich,/ʃliːsliç/,finally,23 Experiences and Past Events
1080,vorher,/vorher/,beforehand,23 Experiences and Past Events
1081,später,/spɛter/,later,23 Experiences and Past Events
1082,kürzlich,/kyrtsliç/,recently,23 Experiences and Past Events
1083,erleben,/erleben/,to experience,23 Experiences and Past Events
1084,passieren,/passiːren/,to happen,23 Experiences and Past Events
1085,erinnern,/erinnern/,to remember,23 Experiences and Past Events
1086,vergessen,/vergessen/,to forget,23 Experiences and Past Events
1087,ändern,/ɛndern/,to change,23 Experiences and Past Events
1088,zurückkehren,/tsuryckkehren/,to return,23 Experiences and Past Events
1089,kennenlernen,/kennenlernen/,to get to know,23 Experiences and Past Events
1090,beginnen,/beginnen/,to begin,23 Experiences and Past Events
1091,enden,/enden/,to end,23 Experiences and Past Events
1092,geschehen,/geʃehen/,to happen,23 Experiences and Past Events
1093,entdecken,/entdecken/,to discover,23 Experiences and Past Events
1094,verlieren,/verliːren/,to lose,23 Experiences and Past Events
1095,gewinnen,/gevinnen/,to win,23 Experiences and Past Events
1096,schaffen,/ʃaffen/,to manage,23 Experiences and Past Events
1097,versuchen,/versuçen/,to try,23 Experiences and Past Events
1098,entscheiden,/entʃaɪden/,to decide,23 Experiences and Past Events
1099,merken,/merken/,to notice / remember,23 Experiences and Past Events
1100,erzählen,/ertsɛhlen/,to tell,23 Experiences and Past Events
1101,berichten,/beriçten/,to report,23 Experiences and Past Events
1102,feiern,/faɪern/,to celebrate,23 Experiences and Past Events
1103,wiederholen,/viːderholen/,to repeat,23 Experiences and Past Events
1104,die Stimmung,/diː stimmuŋ/,mood,24 Feelings Opinions and Preferences
1105,die Meinung,/diː maɪnuŋ/,opinion,24 Feelings Opinions and Preferences
1106,die Ansicht,/diː ansiçt/,view,24 Feelings Opinions and Preferences
1107,der Eindruck,/der aɪndruck/,impression,24 Feelings Opinions and Preferences
1108,die Entscheidung,/diː entʃaɪduŋ/,decision,24 Feelings Opinions and Preferences
1109,die Freude,/diː frɔʏde/,joy,24 Feelings Opinions and Preferences
1110,die Angst,/diː aŋst/,fear,24 Feelings Opinions and Preferences
1111,die Hoffnung,/diː hoffnuŋ/,hope,24 Feelings Opinions and Preferences
1112,die Überraschung,/diː yberraʃuŋ/,surprise,24 Feelings Opinions and Preferences
1113,die Enttäuschung,/diː enttɔʏʃuŋ/,disappointment,24 Feelings Opinions and Preferences
1114,die Wut,/diː vut/,anger,24 Feelings Opinions and Preferences
1115,die Zufriedenheit,/diː tsufriːdenhaɪt/,satisfaction,24 Feelings Opinions and Preferences
1116,zufrieden,/tsufriːden/,satisfied,24 Feelings Opinions and Preferences
1117,enttäuscht,/enttɔʏʃt/,disappointed,24 Feelings Opinions and Preferences
1118,überrascht,/yberraʃt/,surprised,24 Feelings Opinions and Preferences
1119,nervös,/nervøs/,nervous,24 Feelings Opinions and Preferences
1120,stolz,/stolts/,proud,24 Feelings Opinions and Preferences
1121,traurig,/traʊrig/,sad,24 Feelings Opinions and Preferences
1122,glücklich,/glyckliç/,happy,24 Feelings Opinions and Preferences
1123,wütend,/vytend/,angry,24 Feelings Opinions and Preferences
1124,unsicher,/unsiçer/,uncertain,24 Feelings Opinions and Preferences
1125,überzeugt,/ybertsɔʏgt/,convinced,24 Feelings Opinions and Preferences
1126,angenehm,/aŋenehm/,pleasant,24 Feelings Opinions and Preferences
1127,unangenehm,/unaŋenehm/,unpleasant,24 Feelings Opinions and Preferences
1128,interessant,/interessant/,interesting,24 Feelings Opinions and Preferences
1129,komisch,/komiʃ/,strange,24 Feelings Opinions and Preferences
1130,wahrscheinlich,/vahrʃaɪnliç/,probably,24 Feelings Opinions and Preferences
1131,einverstanden,/aɪnverstanden/,in agreement,24 Feelings Opinions and Preferences
1132,begeistert,/begaɪstert/,enthusiastic,24 Feelings Opinions and Preferences
1133,neugierig,/nɔʏgiːrig/,curious,24 Feelings Opinions and Preferences
1134,hoffen,/hoffen/,to hope,24 Feelings Opinions and Preferences
1135,befürchten,/befyrçten/,to fear,24 Feelings Opinions and Preferences
1136,meinen,/maɪnen/,to think,24 Feelings Opinions and Preferences
1137,finden,/finden/,to think / find,24 Feelings Opinions and Preferences
1138,bevorzugen,/bevortsugen/,to prefer,24 Feelings Opinions and Preferences
1139,glauben,/glaʊben/,to believe,24 Feelings Opinions and Preferences
1140,lieben,/liːben/,to love,24 Feelings Opinions and Preferences
1141,hassen,/hassen/,to hate,24 Feelings Opinions and Preferences
1142,gefallen,/gefallen/,to please,24 Feelings Opinions and Preferences
1143,stören,/støren/,to bother,24 Feelings Opinions and Preferences
1144,ärgern,/ɛrgern/,to annoy,24 Feelings Opinions and Preferences
1145,freuen,/frɔʏen/,to please / make happy,24 Feelings Opinions and Preferences
1146,interessieren,/interessiːren/,to interest,24 Feelings Opinions and Preferences
1147,überraschen,/yberraʃen/,to surprise,24 Feelings Opinions and Preferences
1148,enttäuschen,/enttɔʏʃen/,to disappoint,24 Feelings Opinions and Preferences
1149,entscheiden,/entʃaɪden/,to decide,24 Feelings Opinions and Preferences
1150,zustimmen,/tsustimmen/,to agree,24 Feelings Opinions and Preferences
1151,zweifeln,/tsvaɪfeln/,to doubt,24 Feelings Opinions and Preferences
1152,das Problem,/das problem/,problem,25 Problems Solutions and Everyday Situations
1153,die Lösung,/diː løsuŋ/,solution,25 Problems Solutions and Everyday Situations
1154,der Fehler,/der fehler/,mistake,25 Problems Solutions and Everyday Situations
1155,die Ursache,/diː ursaçe/,cause,25 Problems Solutions and Everyday Situations
1156,der Grund,/der grund/,reason,25 Problems Solutions and Everyday Situations
1157,der Vorschlag,/der vorʃlag/,suggestion,25 Problems Solutions and Everyday Situations
1158,die Möglichkeit,/diː møgliçkaɪt/,possibility,25 Problems Solutions and Everyday Situations
1159,die Schwierigkeit,/diː ʃviːrigkaɪt/,difficulty,25 Problems Solutions and Everyday Situations
1160,die Hilfe,/diː hilfe/,help,25 Problems Solutions and Everyday Situations
1161,die Entscheidung,/diː entʃaɪduŋ/,decision,25 Problems Solutions and Everyday Situations
1162,der Vorteil,/der vortaɪl/,advantage,25 Problems Solutions and Everyday Situations
1163,der Nachteil,/der naçtaɪl/,disadvantage,25 Problems Solutions and Everyday Situations
1164,die Situation,/diː situation/,situation,25 Problems Solutions and Everyday Situations
1165,die Erklärung,/diː erklɛruŋ/,explanation,25 Problems Solutions and Everyday Situations
1166,die Unterstützung,/diː unterstyttsuŋ/,support,25 Problems Solutions and Everyday Situations
1167,die Verantwortung,/diː verantvortuŋ/,responsibility,25 Problems Solutions and Everyday Situations
1168,die Auswahl,/diː aʊsvahl/,choice,25 Problems Solutions and Everyday Situations
1169,die Beschwerde,/diː beʃverde/,complaint,25 Problems Solutions and Everyday Situations
1170,der Schaden,/der ʃaden/,damage,25 Problems Solutions and Everyday Situations
1171,der Verlust,/der verlust/,loss,25 Problems Solutions and Everyday Situations
1172,die Reparatur,/diː reparatur/,repair,25 Problems Solutions and Everyday Situations
1173,die Änderung,/diː ɛnderuŋ/,change,25 Problems Solutions and Everyday Situations
1174,die Ausnahme,/diː aʊsnahme/,exception,25 Problems Solutions and Everyday Situations
1175,der Ersatz,/der ersatts/,replacement,25 Problems Solutions and Everyday Situations
1176,kaputt,/kaputt/,broken,25 Problems Solutions and Everyday Situations
1177,falsch,/falʃ/,wrong,25 Problems Solutions and Everyday Situations
1178,richtig,/riçtig/,correct,25 Problems Solutions and Everyday Situations
1179,dringend,/driŋend/,urgent,25 Problems Solutions and Everyday Situations
1180,möglich,/møgliç/,possible,25 Problems Solutions and Everyday Situations
1181,unmöglich,/unmøgliç/,impossible,25 Problems Solutions and Everyday Situations
1182,lösen,/løsen/,to solve,25 Problems Solutions and Everyday Situations
1183,reparieren,/repariːren/,to repair,25 Problems Solutions and Everyday Situations
1184,verlieren,/verliːren/,to lose,25 Problems Solutions and Everyday Situations
1185,finden,/finden/,to find,25 Problems Solutions and Everyday Situations
1186,prüfen,/pryfen/,to check,25 Problems Solutions and Everyday Situations
1187,ersetzen,/ersettsen/,to replace,25 Problems Solutions and Everyday Situations
1188,helfen,/helfen/,to help,25 Problems Solutions and Everyday Situations
1189,versuchen,/versuçen/,to try,25 Problems Solutions and Everyday Situations
1190,entscheiden,/entʃaɪden/,to decide,25 Problems Solutions and Everyday Situations
1191,vermeiden,/vermaɪden/,to avoid,25 Problems Solutions and Everyday Situations
1192,ändern,/ɛndern/,to change,25 Problems Solutions and Everyday Situations
1193,erklären,/erklɛren/,to explain,25 Problems Solutions and Everyday Situations
1194,beschweren,/beʃveren/,to complain,25 Problems Solutions and Everyday Situations
1195,zurückgeben,/tsuryckgeben/,to return,25 Problems Solutions and Everyday Situations
1196,umtauschen,/umtaʊʃen/,to exchange,25 Problems Solutions and Everyday Situations
1197,funktionieren,/fuŋktioniːren/,to work,25 Problems Solutions and Everyday Situations
1198,fehlen,/fehlen/,to be missing,25 Problems Solutions and Everyday Situations
1199,kontrollieren,/kontrolliːren/,to check,25 Problems Solutions and Everyday Situations
